territorio,fecha,factor_1_sube,factor_2_sube,factor_3_sube,factor_1_sube_valor,factor_2_sube_valor,factor_3_sube_valor,factor_1_baja,factor_2_baja,factor_3_baja,factor_1_baja_valor,factor_2_baja_valor,factor_3_baja_valor
Adeje,2025-12-01,Inercia de la presión,Estacionalidad,Pernoctaciones,0.36172748,0.0045776074,0.0020516303,Idx dep menores 15,Ingresos,VV reservadas,-0.0025655634,-0.0014660428278148174,-0.0013496861793100834
Agaete,2025-12-01,Estacionalidad,Pernoctaciones,Viajeros entrados,0.0026419368,0.0007037518,0.00057109434,Inercia de la presión,Plazas hotel/día,Idx dep menores 15,-0.05044756,-0.000460962881334126,-0.0002441582328174263
Agulo,2025-12-01,Estacionalidad,Pernoctaciones,Viajeros entrados,0.002047832,0.0009948038,0.00054617657,Inercia de la presión,Plazas hotel/día,Viajeros alojados,-0.10304622,-0.0005105047021061182,-0.00025148389977402985
Agüimes,2025-12-01,Estacionalidad,Pernoctaciones,Viajeros entrados,0.001543483,0.00053190265,0.00051243213,Inercia de la presión,Plazas hotel/día,Estancia media hotel,-0.12661876,-0.00042015034705400467,-0.00023611799406353384
Alajeró,2025-12-01,Estacionalidad,Estancia media hotel,Pernoctaciones,0.0027319342,0.0025050608,0.0008783843,Inercia de la presión,Plazas hotel/día,Viajeros alojados,-0.047181956,-0.000650936970487237,-0.0003765741712413728
Antigua,2025-12-01,Inercia de la presión,Estacionalidad,VV reservadas,0.3001355,0.004195161,0.0005005973,Estancia media VV,Idx dep menores 15,Pernoctaciones,-0.0022540786,-0.0018298188224434853,-0.0012711940798908472
Arafo,2025-12-01,Inercia de la presión,Estacionalidad,Plazas hotel/día,0.07222202,0.0036893084,0.0009381987,Viajeros entrados,Pernoctaciones,Idx ancianidad,-0.0007980778,-0.0007739477441646159,-0.0005396390333771706
Arico,2025-12-01,Inercia de la presión,Estacionalidad,Tasa de reserva,0.011485158,0.0027842252,0.00092877634,Viajeros entrados,Pernoctaciones,Idx dependencia,-0.0006359684,-0.0005752945435233414,-0.00027982471510767937
Arona,2025-12-01,Inercia de la presión,Estacionalidad,Tasa de reserva,0.0892515,0.002486427,0.0007498568,Estancia media hotel,VV reservadas,Estancia media VV,-0.00091817504,-0.0005815288168378174,-0.0005392836756072938
Arrecife,2025-12-01,Estacionalidad,Pernoctaciones,Viajeros entrados,0.001618262,0.00056783966,0.0005599621,Inercia de la presión,Plazas hotel/día,Estancia media hotel,-0.13311309,-0.0003263502730987966,-0.00023560730915050954
Artenara,2025-12-01,Inercia de la presión,Estacionalidad,Pernoctaciones,0.2842093,0.0060523488,0.0022487256,Plazas hotel/día,Estancia media hotel,Idx dep menores 15,-0.0013408532,-0.0009620619239285588,-0.0007760938606224954
Arucas,2025-12-01,Estacionalidad,Pernoctaciones,Viajeros entrados,0.0017016632,0.0005518687,0.0005471696,Inercia de la presión,Plazas hotel/día,Idx ancianidad,-0.12896995,-0.0003990984405390918,-0.000316622230457142
Barlovento,2025-12-01,Estacionalidad,Pernoctaciones,Viajeros entrados,0.0017361396,0.00094599207,0.00048384062,Inercia de la presión,Tasa de reserva,Plazas hotel/día,-0.12079472,-0.0005336994654498994,-0.0005263958591967821
Betancuria,2025-12-01,Estacionalidad,Pernoctaciones,Viajeros alojados,0.0017751777,0.00092055753,0.0009064171,Inercia de la presión,Plazas hotel/día,Estancia media hotel,-0.13316344,-0.0004874576989095658,-0.00039759170613251626
Breña Alta,2025-12-01,Estacionalidad,Pernoctaciones,Viajeros entrados,0.0016844892,0.00092808134,0.00047900752,Inercia de la presión,Plazas hotel/día,Viajeros alojados,-0.13182648,-0.0004962079110555351,-0.00030848997994326055
Breña Baja,2025-12-01,Inercia de la presión,Estacionalidad,Viajeros entrados,0.045582313,0.0033261974,0.0008092411,Estancia media hotel,Plazas hotel/día,Idx ancianidad,-0.00064505666,-0.0004948857822455466,-0.0004921429790556431
Buenavista del Norte,2025-12-01,Inercia de la presión,Estacionalidad,Tasa de reserva,0.11849757,0.0026946838,0.001877795,Viajeros entrados,Pernoctaciones,Idx ancianidad,-0.00081692514,-0.0005379887297749519,-0.0003266156418249011
Candelaria,2025-12-01,Estacionalidad,Plazas hotel/día,Tasa de reserva,0.0018407132,0.00074760866,0.00017616761,Inercia de la presión,Pernoctaciones,Estancia media hotel,-0.09465705,-0.00036606210051104426,-0.00020211523224133998
El Paso,2025-12-01,Estacionalidad,Pernoctaciones,Estancia media hotel,0.0018034388,0.0009287303,0.0006113504,Inercia de la presión,Plazas hotel/día,Idx ancianidad,-0.124386884,-0.0005958477267995477,-0.0002994827809743583
El Pinar de El Hierro,2025-12-01,Estacionalidad,Pernoctaciones,Viajeros entrados,0.0018540057,0.0010110283,0.0005040895,Inercia de la presión,Plazas hotel/día,Viajeros alojados,-0.11336269,-0.0005097457324154675,-0.00024810046306811273
El Rosario,2025-12-01,Estacionalidad,Plazas hotel/día,Idx ancianidad,0.002176197,0.000730812,0.00010008937,Inercia de la presión,Pernoctaciones,Idx dep menores 15,-0.06474808,-0.0003727248404175043,-0.00018917786655947566
El Sauzal,2025-12-01,Estacionalidad,Plazas hotel/día,Estancia media hotel,0.002995922,0.00066630694,0.0004380765,Inercia de la presión,Pernoctaciones,Idx dependencia,-0.0030592233,-0.0004942539380863309,-0.00028152018785476685
El Tanque,2025-12-01,Inercia de la presión,Estacionalidad,Tasa de reserva,0.31537357,0.0049499543,0.0022834353,Idx ancianidad,Idx dep menores 15,Pernoctaciones,-0.0031394893,-0.0017855250043794513,-0.0010357254650443792
Fasnia,2025-12-01,Inercia de la presión,Estacionalidad,Plazas hotel/día,0.26344675,0.005076253,0.0010109309,Idx dep menores 15,Pernoctaciones,Idx reemplazo,-0.0010658207,-0.0008914817590266466,-0.0006344601279124618
Firgas,2025-12-01,Estacionalidad,Tasa de reserva,Viajeros entrados,0.0022699847,0.00062451576,0.0005937741,Inercia de la presión,Plazas hotel/día,Idx ancianidad,-0.083096676,-0.0003818720579147339,-0.00024119326553773135
Frontera,2025-12-01,Estacionalidad,Pernoctaciones,Viajeros entrados,0.0017958095,0.0006851513,0.0005139526,Inercia de la presión,Plazas hotel/día,Viajeros alojados,-0.11752167,-0.0004962079110555351,-0.000396352814277634
Fuencaliente de La Palma,2025-12-01,Inercia de la presión,Estacionalidad,Tasa de reserva,0.12394282,0.004818266,0.0011910836,Idx ancianidad,Plazas hotel/día,Estancia media VV,-0.00074947265,-0.0005706558004021645,-0.00044616585364565253
Garachico,2025-12-01,Inercia de la presión,Estacionalidad,Tasa de reserva,0.116042666,0.0031682856,0.0017489146,Viajeros entrados,Estancia media VV,Idx reemplazo,-0.0008860124,-0.0006575621664524078,-0.00029416661709547043
Garafía,2025-12-01,Estacionalidad,Pernoctaciones,Viajeros entrados,0.0017776128,0.000979258,0.0004991716,Inercia de la presión,Plazas hotel/día,Viajeros alojados,-0.11453569,-0.00048797056660987437,-0.00029460262157954276
Granadilla de Abona,2025-12-01,Estacionalidad,Pernoctaciones,Viajeros entrados,0.001673881,0.000532778,0.0004355692,Inercia de la presión,Plazas hotel/día,Estancia media hotel,-0.12937143,-0.00048377906205132604,-0.00021268968703225255
Guía de Isora,2025-12-01,Estacionalidad,Plazas hotel/día,Tasa de reserva,0.0024888508,0.0004730314,0.0003680689,Inercia de la presión,Estancia media hotel,Pernoctaciones,-0.04359674,-0.0006589544354937971,-0.000655071169603616
Gáldar,2025-12-01,Estacionalidad,Viajeros entrados,Pernoctaciones,0.0017152238,0.0005240895,0.0005225437,Inercia de la presión,Plazas hotel/día,Estancia media hotel,-0.120599404,-0.00041312375105917454,-0.0002427226718282327
Güímar,2025-12-01,Estacionalidad,Plazas hotel/día,Plazas disponibles,0.0020091736,0.00074760866,7.589057e-05,Inercia de la presión,Pernoctaciones,Estancia media hotel,-0.08271643,-0.0003717954095918685,-0.00021434745576698333
Haría,2025-12-01,Estacionalidad,Estancia media hotel,Pernoctaciones,0.0018870089,0.0011093521,0.00094869646,Inercia de la presión,Plazas hotel/día,Idx dep menores 15,-0.111547805,-0.0006051191594451666,-0.0001966384588740766
Hermigua,2025-12-01,Estacionalidad,Pernoctaciones,Viajeros entrados,0.0017633473,0.0010075109,0.00053471467,Inercia de la presión,Plazas hotel/día,Viajeros alojados,-0.110621214,-0.0004886938841082156,-0.0002897447266150266
Icod de los Vinos,2025-12-01,Estacionalidad,Plazas hotel/día,Tasa de reserva,0.001881178,0.0007461002,0.00028422452,Inercia de la presión,Pernoctaciones,Idx ancianidad,-0.09010378,-0.00037539892946369946,-0.00026863787206821144
Ingenio,2025-12-01,Estacionalidad,Tasa de reserva,Viajeros entrados,0.001550782,0.00070207147,0.00053543167,Inercia de la presión,Plazas hotel/día,Estancia media hotel,-0.1282259,-0.00042015034705400467,-0.00022839220764581114
La Aldea de San Nicolás,2025-12-01,Estacionalidad,Viajeros entrados,Pernoctaciones,0.0022801906,0.00059569883,0.0005769282,Inercia de la presión,Plazas hotel/día,Idx dep menores 15,-0.07485587,-0.00041935680201277137,-0.0002174820692744106
La Guancha,2025-12-01,Inercia de la presión,Estacionalidad,Plazas hotel/día,0.078544766,0.0039309845,0.0009081982,Pernoctaciones,Viajeros entrados,Estancia media VV,-0.00059524685,-0.0005768112023361027,-0.0004194572102278471
La Matanza de Acentejo,2025-12-01,Inercia de la presión,Estacionalidad,Plazas hotel/día,0.00392759,0.0028737644,0.00082965253,Viajeros entrados,Pernoctaciones,Idx dependencia,-0.0006324722,-0.0006044357432983816,-0.00028000911697745323
La Oliva,2025-12-01,Inercia de la presión,Estacionalidad,Idx ancianidad,0.13205762,0.0026071179,0.00086810923,Viajeros entrados,Estancia media VV,Viajeros alojados,-0.00073850766,-0.00045069330371916294,-0.0002892400370910764
La Orotava,2025-12-01,Estacionalidad,Plazas hotel/día,VV reservadas,0.0016666801,0.0007364228,7.388218e-05,Inercia de la presión,Pernoctaciones,Idx ancianidad,-0.11006849,-0.0003787862369790673,-0.0003163103829137981
La Victoria de Acentejo,2025-12-01,Estacionalidad,Plazas hotel/día,Estancia media hotel,0.002989693,0.0006469057,0.0005016089,Inercia de la presión,Pernoctaciones,Estancia media VV,-0.00957761,-0.0005017856601625681,-0.0004270740319043398
Las Palmas de Gran Canaria,2025-12-01,Estacionalidad,Plazas hotel/día,Tasa de reserva,0.0011476161,0.0003455403,0.00027772496,Inercia de la presión,Estancia media hotel,Viajeros entrados,-0.12806648,-0.00037409161450341344,-0.00031302706338465214
Los Llanos de Aridane,2025-12-01,Estacionalidad,Tasa de reserva,Viajeros entrados,0.0017954343,0.00062896556,0.0005781497,Inercia de la presión,Plazas hotel/día,Idx ancianidad,-0.10972653,-0.0004786666831932962,-0.00031502285855822265
Los Realejos,2025-12-01,Estacionalidad,Plazas hotel/día,Tasa de reserva,0.0017231334,0.0007386971,0.00020303845,Inercia de la presión,Pernoctaciones,Idx ancianidad,-0.10589721,-0.00037086440715938807,-0.00032821501372382045
Los Silos,2025-12-01,Inercia de la presión,Estacionalidad,Tasa de reserva,0.11818153,0.002675499,0.0018322519,Viajeros entrados,Pernoctaciones,Estancia media VV,-0.0008170826,-0.0005388574209064245,-0.00034873312688432634
Mogán,2025-12-01,Inercia de la presión,Estacionalidad,Tasa de reserva,0.5859253,0.003306151,0.0031443366,Idx dep menores 15,VV reservadas,Densidad hab km2,-0.0010049593,-0.0009544348577037454,-0.000823513139039278
Moya,2025-12-01,Estacionalidad,Viajeros entrados,Pernoctaciones,0.0022563438,0.0006039569,0.0005620974,Inercia de la presión,Plazas hotel/día,Idx ancianidad,-0.08267536,-0.0004057206679135561,-0.00024757138453423977
Puerto de la Cruz,2025-12-01,Inercia de la presión,Estacionalidad,Plazas hotel/día,0.1880958,0.00369875,0.00060068263,Idx dep mayores 64,Viajeros entrados,Ingresos,-0.0019872447,-0.0006971919210627675,-0.000652211660053581
Puerto del Rosario,2025-12-01,Estacionalidad,Estancia media hotel,Pernoctaciones,0.001650099,0.0012210471,0.00088100915,Inercia de la presión,Plazas hotel/día,Estancia media VV,-0.13876604,-0.0004851865814998746,-0.00012566849181894213
Puntagorda,2025-12-01,Estacionalidad,Pernoctaciones,Viajeros entrados,0.0017867999,0.0009943801,0.00046979243,Inercia de la presión,Plazas hotel/día,Estancia media VV,-0.10936298,-0.0004983546095900238,-0.0003855876566376537
Puntallana,2025-12-01,Estacionalidad,Pernoctaciones,Viajeros entrados,0.0015914848,0.0009418198,0.0004784095,Inercia de la presión,Plazas hotel/día,Idx ancianidad,-0.12256097,-0.0004880688211414963,-0.0003410323988646269
Pájara,2025-12-01,Inercia de la presión,VV reservadas,Estacionalidad,0.62690127,0.0027678243,0.0025542239,Viajeros entrados,Idx envejecimiento,Pob total,-0.00039939905,-0.00010527065023779869,-2.651667637110222e-05
San Andrés y Sauces,2025-12-01,Estacionalidad,Pernoctaciones,Viajeros entrados,0.00167322,0.0009650727,0.00050460274,Inercia de la presión,Plazas hotel/día,Idx ancianidad,-0.12967838,-0.0005187391070649028,-0.000275957805570215
San Bartolomé,2025-12-01,Estacionalidad,Pernoctaciones,Viajeros alojados,0.0016139885,0.0009346406,0.0009134459,Inercia de la presión,Plazas hotel/día,Estancia media hotel,-0.13634375,-0.0005090786726213992,-0.00044100626837462187
San Bartolomé de Tirajana,2025-12-01,Inercia de la presión,Estacionalidad,Tasa de reserva,0.52094626,0.00321591,0.0016727073,Viviendas vacacionales,VV reservadas,Ingresos,-0.0025996626,-0.002074596006423235,-0.001490805414505303
San Cristóbal de La Laguna,2025-12-01,Estacionalidad,Pernoctaciones,Viajeros entrados,0.0016988688,0.0005954357,0.00048266468,Inercia de la presión,Plazas hotel/día,Estancia media hotel,-0.13530946,-0.0005042251432314515,-0.00024341148673556745
San Juan de la Rambla,2025-12-01,Inercia de la presión,Estacionalidad,Tasa de reserva,0.1124885,0.0034398488,0.0009255528,Viajeros entrados,Estancia media VV,Idx ancianidad,-0.0008860124,-0.000753529486246407,-0.00026863787206821144
San Miguel de Abona,2025-12-01,Estacionalidad,Idx dep menores 15,Tasa de reserva,0.0025586009,0.0003988905,0.00029069663,Inercia de la presión,Estancia media hotel,Viajeros entrados,-0.026145,-0.000839509186334908,-0.0005291213165037334
San Sebastián de La Gomera,2025-12-01,Estacionalidad,Viajeros entrados,Pernoctaciones,0.0022446255,0.0005527996,0.00054788205,Inercia de la presión,Plazas hotel/día,Idx dep menores 15,-0.074496895,-0.00042322854278609157,-0.00016923403018154204
Santa Brígida,2025-12-01,Estacionalidad,Tasa de reserva,Pernoctaciones,0.0016766079,0.0007069234,0.000603785,Inercia de la presión,Plazas hotel/día,Estancia media hotel,-0.11494111,-0.00042015034705400467,-0.00020193112140987068
Santa Cruz de La Palma,2025-12-01,Estacionalidad,Pernoctaciones,Viajeros entrados,0.0017003142,0.00073322497,0.00047900752,Inercia de la presión,Plazas hotel/día,Viajeros alojados,-0.12995753,-0.0005028175073675811,-0.0003841760044451803
Santa Cruz de Tenerife,2025-12-01,Estacionalidad,Plazas hotel/día,Pernoctaciones,0.0014299469,0.0004032622,0.0002750035,Inercia de la presión,Estancia media hotel,Viajeros entrados,-0.13316388,-0.0005413420149125159,-0.000385966501198709
Santa Lucía de Tirajana,2025-12-01,Estacionalidad,Pernoctaciones,Viajeros entrados,0.0016007739,0.000538136,0.0005052057,Inercia de la presión,Plazas hotel/día,Estancia media hotel,-0.13525786,-0.0004041690845042467,-0.00023849602439440787
Santa María de Guía de Gran Canaria,2025-12-01,Estacionalidad,Pernoctaciones,Viajeros entrados,0.0018223459,0.00058262644,0.0005471696,Inercia de la presión,Plazas hotel/día,Idx ancianidad,-0.109378375,-0.0004197332891635597,-0.0003024166217073798
Santa Úrsula,2025-12-01,Estacionalidad,Plazas hotel/día,Tasa de reserva,0.0024525262,0.0007128622,0.00019565762,Inercia de la presión,Pernoctaciones,Estancia media VV,-0.055746626,-0.0005379542126320302,-0.0003676537307910621
Santiago del Teide,2025-12-01,Inercia de la presión,Estacionalidad,Tasa de reserva,0.17741178,0.0034198312,0.0007414535,Viajeros entrados,Idx ancianidad,Pernoctaciones,-0.0009477015,-0.0008818554924800992,-0.0007245808374136686
Tacoronte,2025-12-01,Estacionalidad,Plazas hotel/día,VV reservadas,0.0018411194,0.0007438258,7.388218e-05,Inercia de la presión,Pernoctaciones,Idx ancianidad,-0.08997907,-0.0003816686512436718,-0.00037470823735930026
Tazacorte,2025-12-01,Estacionalidad,Pernoctaciones,Estancia media hotel,0.0016566911,0.0009386068,0.0006739069,Inercia de la presión,Plazas hotel/día,Viajeros alojados,-0.116766654,-0.0005863434635102749,-0.00027449510525912046
Tegueste,2025-12-01,Estacionalidad,Tasa de reserva,Plazas hotel/día,0.0028463113,0.0012394075,0.0007011592,Inercia de la presión,Pernoctaciones,Idx ancianidad,-0.027606335,-0.0006682523526251316,-0.000348698697052896
Teguise,2025-12-01,Inercia de la presión,Estacionalidad,Ingresos,0.19027707,0.003097841,0.0010643263,Viajeros entrados,Tasa de reserva,Pernoctaciones,-0.0006736855,-0.000611967290751636,-0.0004543359682429582
Tejeda,2025-12-01,Inercia de la presión,Estacionalidad,Viajeros entrados,0.11764782,0.0042324737,0.001463799,Idx dep menores 15,Plazas hotel/día,Estancia media hotel,-0.00068200735,-0.0005137433181516826,-0.0004568941949401051
Telde,2025-12-01,Estacionalidad,Pernoctaciones,Viajeros entrados,0.0016543779,0.000519858,0.00051169493,Inercia de la presión,Plazas hotel/día,Estancia media hotel,-0.13490734,-0.00042015034705400467,-0.0002697827876545489
Teror,2025-12-01,Estacionalidad,Pernoctaciones,Tasa de reserva,0.0017361145,0.00058147544,0.0005516465,Inercia de la presión,Plazas hotel/día,Idx ancianidad,-0.10804329,-0.0003990984405390918,-0.00025662503321655095
Tijarafe,2025-12-01,Estacionalidad,Pernoctaciones,Viajeros entrados,0.0021319317,0.0009800721,0.0005867492,Inercia de la presión,Plazas hotel/día,Estancia media VV,-0.08585692,-0.0004765091580338776,-0.0003861789882648736
Tinajo,2025-12-01,Estacionalidad,Viajeros alojados,Pernoctaciones,0.0015928056,0.00092420145,0.00091080763,Inercia de la presión,Plazas hotel/día,Estancia media hotel,-0.13190663,-0.0004908216651529074,-0.0003840656136162579
Tuineje,2025-12-01,Estacionalidad,Viajeros entrados,Pernoctaciones,0.0022910363,0.00053052057,0.0005287831,Inercia de la presión,Plazas hotel/día,Viajeros alojados,-0.081794396,-0.0005232517723925412,-0.00013583192776422948
Tías,2025-12-01,Inercia de la presión,Estacionalidad,Plazas disponibles,0.5141932,0.003019683,0.000825554,Estancia media VV,Tasa de reserva,VV reservadas,-0.005195932,-0.002937721088528633,-0.0011503873392939568
Valle Gran Rey,2025-12-01,Inercia de la presión,Estacionalidad,Pernoctaciones,0.023946501,0.0034471585,0.0010211769,Plazas hotel/día,Estancia media hotel,Idx dependencia,-0.0006255016,-0.0004518977948464453,-0.00029705927590839565
Vallehermoso,2025-12-01,Estacionalidad,Pernoctaciones,Tasa de reserva,0.0015762072,0.000962662,0.000669396,Inercia de la presión,Plazas hotel/día,Idx ancianidad,-0.126603,-0.0005027192528359592,-0.00024715132894925773
Valleseco,2025-12-01,Estacionalidad,Viajeros entrados,Pernoctaciones,0.003244089,0.0006716597,0.00063186925,Inercia de la presión,Plazas hotel/día,Idx ancianidad,-0.024132883,-0.0004758088616654277,-0.00025375644327141345
Valsequillo de Gran Canaria,2025-12-01,Estacionalidad,Viajeros entrados,Pernoctaciones,0.0018937446,0.00058064226,0.0005353575,Inercia de la presión,Plazas hotel/día,Estancia media hotel,-0.097056836,-0.00041274726390838623,-0.00023368035908788443
Valverde,2025-12-01,Estacionalidad,Pernoctaciones,Viajeros entrados,0.00175971,0.0006866084,0.0005040895,Inercia de la presión,Plazas hotel/día,Viajeros alojados,-0.11858122,-0.000505412055645138,-0.0003893239772878587
Vega de San Mateo,2025-12-01,Estacionalidad,Viajeros entrados,Pernoctaciones,0.002272104,0.000569089,0.0005418008,Inercia de la presión,Plazas hotel/día,Idx ancianidad,-0.08300374,-0.0003983048954978585,-0.000257045088801533
Vilaflor de Chasna,2025-12-01,Inercia de la presión,Tasa de reserva,Estacionalidad,0.5306991,0.0040455502,0.0036370337,Idx ancianidad,Estancia media hotel,Pob 0 14,-0.006830145,-0.0029451781883835793,-0.0025009973905980587
Villa de Mazo,2025-12-01,Estacionalidad,Pernoctaciones,Viajeros entrados,0.0016876031,0.0009338187,0.00044838237,Inercia de la presión,Plazas hotel/día,Viajeros alojados,-0.12774843,-0.0005031362525187433,-0.00028757384279742837
Yaiza,2025-12-01,Inercia de la presión,Estacionalidad,Idx dep menores 15,0.51499546,0.0021324952,0.0019694562,Estancia media VV,Tasa de reserva,Ingresos,-0.0044825347,-0.0025389117654412985,-0.0012911863159388304
