territorio,procedencia,porcentaje
Adeje,España,5.7
Adeje,Alemania,11.7
Adeje,Bélgica,5.1
Adeje,Dinamarca,1.5
Adeje,Francia,3.5
Adeje,Irlanda,4.6
Adeje,Italia,3.3
Adeje,Noruega,1.2
Adeje,Países Bajos,4.5
Adeje,Polonia,2.6
Adeje,Reino Unido,53.7
Adeje,Suecia,1.3
Adeje,Suiza,1.3
Agaete,España,55.1
Agaete,Alemania,16.0
Agaete,Bélgica,1.8
Agaete,Dinamarca,0.7
Agaete,Francia,5.5
Agaete,Irlanda,0.7
Agaete,Italia,3.0
Agaete,Noruega,1.0
Agaete,Países Bajos,2.2
Agaete,Polonia,1.7
Agaete,Reino Unido,9.5
Agaete,Suecia,1.3
Agaete,Suiza,1.4
Agulo,España,39.9
Agulo,Alemania,28.2
Agulo,Bélgica,2.2
Agulo,Dinamarca,4.6
Agulo,Francia,8.0
Agulo,Irlanda,0.5
Agulo,Italia,1.7
Agulo,Noruega,0.5
Agulo,Países Bajos,7.2
Agulo,Polonia,1.7
Agulo,Reino Unido,3.2
Agulo,Suecia,0.8
Agulo,Suiza,1.4
Agüimes,España,55.1
Agüimes,Alemania,16.0
Agüimes,Bélgica,1.8
Agüimes,Dinamarca,0.7
Agüimes,Francia,5.5
Agüimes,Irlanda,0.7
Agüimes,Italia,3.0
Agüimes,Noruega,1.0
Agüimes,Países Bajos,2.2
Agüimes,Polonia,1.7
Agüimes,Reino Unido,9.5
Agüimes,Suecia,1.3
Agüimes,Suiza,1.4
Alajeró,España,5.9
Alajeró,Alemania,4.5
Alajeró,Bélgica,0.3
Alajeró,Dinamarca,0.5
Alajeró,Francia,0.8
Alajeró,Irlanda,0.9
Alajeró,Italia,0.2
Alajeró,Noruega,0.4
Alajeró,Países Bajos,1.4
Alajeró,Polonia,0.2
Alajeró,Reino Unido,84.4
Alajeró,Suecia,0.2
Alajeró,Suiza,0.2
Antigua,España,9.6
Antigua,Alemania,7.2
Antigua,Bélgica,0.4
Antigua,Dinamarca,1.0
Antigua,Francia,7.1
Antigua,Irlanda,3.9
Antigua,Italia,2.8
Antigua,Noruega,0.2
Antigua,Países Bajos,2.4
Antigua,Polonia,4.1
Antigua,Reino Unido,59.9
Antigua,Suecia,0.6
Antigua,Suiza,0.9
Arafo,España,38.2
Arafo,Alemania,15.2
Arafo,Bélgica,3.2
Arafo,Dinamarca,0.4
Arafo,Francia,16.1
Arafo,Irlanda,0.4
Arafo,Italia,1.8
Arafo,Noruega,0.4
Arafo,Países Bajos,2.1
Arafo,Polonia,1.8
Arafo,Reino Unido,18.5
Arafo,Suecia,0.7
Arafo,Suiza,1.2
Arico,España,38.2
Arico,Alemania,15.2
Arico,Bélgica,3.2
Arico,Dinamarca,0.4
Arico,Francia,16.1
Arico,Irlanda,0.4
Arico,Italia,1.8
Arico,Noruega,0.4
Arico,Países Bajos,2.1
Arico,Polonia,1.8
Arico,Reino Unido,18.5
Arico,Suecia,0.7
Arico,Suiza,1.2
Arona,España,6.3
Arona,Alemania,4.1
Arona,Bélgica,4.0
Arona,Dinamarca,2.1
Arona,Francia,2.8
Arona,Irlanda,8.5
Arona,Italia,5.6
Arona,Noruega,2.4
Arona,Países Bajos,5.4
Arona,Polonia,1.4
Arona,Reino Unido,54.4
Arona,Suecia,2.3
Arona,Suiza,0.8
Arrecife,España,44.2
Arrecife,Alemania,8.0
Arrecife,Bélgica,1.7
Arrecife,Dinamarca,0.2
Arrecife,Francia,12.3
Arrecife,Irlanda,3.5
Arrecife,Italia,7.3
Arrecife,Noruega,0.3
Arrecife,Países Bajos,1.6
Arrecife,Polonia,1.2
Arrecife,Reino Unido,17.4
Arrecife,Suecia,0.2
Arrecife,Suiza,1.9
Artenara,España,55.1
Artenara,Alemania,16.0
Artenara,Bélgica,1.8
Artenara,Dinamarca,0.7
Artenara,Francia,5.5
Artenara,Irlanda,0.7
Artenara,Italia,3.0
Artenara,Noruega,1.0
Artenara,Países Bajos,2.2
Artenara,Polonia,1.7
Artenara,Reino Unido,9.5
Artenara,Suecia,1.3
Artenara,Suiza,1.4
Arucas,España,55.1
Arucas,Alemania,16.0
Arucas,Bélgica,1.8
Arucas,Dinamarca,0.7
Arucas,Francia,5.5
Arucas,Irlanda,0.7
Arucas,Italia,3.0
Arucas,Noruega,1.0
Arucas,Países Bajos,2.2
Arucas,Polonia,1.7
Arucas,Reino Unido,9.5
Arucas,Suecia,1.3
Arucas,Suiza,1.4
Barlovento,España,33.1
Barlovento,Alemania,32.0
Barlovento,Bélgica,2.8
Barlovento,Dinamarca,12.9
Barlovento,Francia,3.0
Barlovento,Irlanda,0.7
Barlovento,Italia,1.8
Barlovento,Noruega,0.6
Barlovento,Países Bajos,8.0
Barlovento,Polonia,0.6
Barlovento,Reino Unido,2.3
Barlovento,Suecia,0.7
Barlovento,Suiza,1.6
Betancuria,,
Breña Alta,España,33.1
Breña Alta,Alemania,32.0
Breña Alta,Bélgica,2.8
Breña Alta,Dinamarca,12.9
Breña Alta,Francia,3.0
Breña Alta,Irlanda,0.7
Breña Alta,Italia,1.8
Breña Alta,Noruega,0.6
Breña Alta,Países Bajos,8.0
Breña Alta,Polonia,0.6
Breña Alta,Reino Unido,2.3
Breña Alta,Suecia,0.7
Breña Alta,Suiza,1.6
Breña Baja,España,38.3
Breña Baja,Alemania,38.0
Breña Baja,Bélgica,0.6
Breña Baja,Dinamarca,7.0
Breña Baja,Francia,1.4
Breña Baja,Irlanda,0.1
Breña Baja,Italia,1.0
Breña Baja,Noruega,0.1
Breña Baja,Países Bajos,6.4
Breña Baja,Polonia,1.5
Breña Baja,Reino Unido,4.1
Breña Baja,Suecia,0.2
Breña Baja,Suiza,1.1
Buenavista del Norte,España,38.2
Buenavista del Norte,Alemania,15.2
Buenavista del Norte,Bélgica,3.2
Buenavista del Norte,Dinamarca,0.4
Buenavista del Norte,Francia,16.1
Buenavista del Norte,Irlanda,0.4
Buenavista del Norte,Italia,1.8
Buenavista del Norte,Noruega,0.4
Buenavista del Norte,Países Bajos,2.1
Buenavista del Norte,Polonia,1.8
Buenavista del Norte,Reino Unido,18.5
Buenavista del Norte,Suecia,0.7
Buenavista del Norte,Suiza,1.2
Candelaria,España,38.2
Candelaria,Alemania,15.2
Candelaria,Bélgica,3.2
Candelaria,Dinamarca,0.4
Candelaria,Francia,16.1
Candelaria,Irlanda,0.4
Candelaria,Italia,1.8
Candelaria,Noruega,0.4
Candelaria,Países Bajos,2.1
Candelaria,Polonia,1.8
Candelaria,Reino Unido,18.5
Candelaria,Suecia,0.7
Candelaria,Suiza,1.2
El Paso,España,8.2
El Paso,Alemania,71.7
El Paso,Bélgica,1.1
El Paso,Francia,1.0
El Paso,Italia,0.4
El Paso,Países Bajos,15.2
El Paso,Polonia,1.1
El Paso,Reino Unido,0.4
El Paso,Suecia,0.2
El Paso,Suiza,0.6
El Pinar de El Hierro,España,69.5
El Pinar de El Hierro,Alemania,13.1
El Pinar de El Hierro,Bélgica,1.5
El Pinar de El Hierro,Dinamarca,1.2
El Pinar de El Hierro,Francia,2.3
El Pinar de El Hierro,Irlanda,1.1
El Pinar de El Hierro,Italia,1.9
El Pinar de El Hierro,Noruega,2.1
El Pinar de El Hierro,Países Bajos,1.7
El Pinar de El Hierro,Polonia,1.5
El Pinar de El Hierro,Reino Unido,1.4
El Pinar de El Hierro,Suecia,1.1
El Pinar de El Hierro,Suiza,1.6
El Rosario,España,38.2
El Rosario,Alemania,15.2
El Rosario,Bélgica,3.2
El Rosario,Dinamarca,0.4
El Rosario,Francia,16.1
El Rosario,Irlanda,0.4
El Rosario,Italia,1.8
El Rosario,Noruega,0.4
El Rosario,Países Bajos,2.1
El Rosario,Polonia,1.8
El Rosario,Reino Unido,18.5
El Rosario,Suecia,0.7
El Rosario,Suiza,1.2
El Sauzal,España,38.2
El Sauzal,Alemania,15.2
El Sauzal,Bélgica,3.2
El Sauzal,Dinamarca,0.4
El Sauzal,Francia,16.1
El Sauzal,Irlanda,0.4
El Sauzal,Italia,1.8
El Sauzal,Noruega,0.4
El Sauzal,Países Bajos,2.1
El Sauzal,Polonia,1.8
El Sauzal,Reino Unido,18.5
El Sauzal,Suecia,0.7
El Sauzal,Suiza,1.2
El Tanque,España,38.2
El Tanque,Alemania,15.2
El Tanque,Bélgica,3.2
El Tanque,Dinamarca,0.4
El Tanque,Francia,16.1
El Tanque,Irlanda,0.4
El Tanque,Italia,1.8
El Tanque,Noruega,0.4
El Tanque,Países Bajos,2.1
El Tanque,Polonia,1.8
El Tanque,Reino Unido,18.5
El Tanque,Suecia,0.7
El Tanque,Suiza,1.2
Fasnia,España,38.2
Fasnia,Alemania,15.2
Fasnia,Bélgica,3.2
Fasnia,Dinamarca,0.4
Fasnia,Francia,16.1
Fasnia,Irlanda,0.4
Fasnia,Italia,1.8
Fasnia,Noruega,0.4
Fasnia,Países Bajos,2.1
Fasnia,Polonia,1.8
Fasnia,Reino Unido,18.5
Fasnia,Suecia,0.7
Fasnia,Suiza,1.2
Firgas,España,55.1
Firgas,Alemania,16.0
Firgas,Bélgica,1.8
Firgas,Dinamarca,0.7
Firgas,Francia,5.5
Firgas,Irlanda,0.7
Firgas,Italia,3.0
Firgas,Noruega,1.0
Firgas,Países Bajos,2.2
Firgas,Polonia,1.7
Firgas,Reino Unido,9.5
Firgas,Suecia,1.3
Firgas,Suiza,1.4
Frontera,España,80.5
Frontera,Alemania,8.7
Frontera,Bélgica,0.8
Frontera,Dinamarca,0.9
Frontera,Francia,2.0
Frontera,Irlanda,1.0
Frontera,Italia,1.2
Frontera,Noruega,0.3
Frontera,Países Bajos,0.6
Frontera,Polonia,0.3
Frontera,Reino Unido,1.4
Frontera,Suecia,0.8
Frontera,Suiza,1.4
Fuencaliente de La Palma,España,0.9
Fuencaliente de La Palma,Alemania,17.9
Fuencaliente de La Palma,Bélgica,1.2
Fuencaliente de La Palma,Dinamarca,21.8
Fuencaliente de La Palma,Francia,3.3
Fuencaliente de La Palma,Irlanda,0.3
Fuencaliente de La Palma,Italia,1.2
Fuencaliente de La Palma,Noruega,0.1
Fuencaliente de La Palma,Países Bajos,3.7
Fuencaliente de La Palma,Polonia,13.5
Fuencaliente de La Palma,Reino Unido,34.2
Fuencaliente de La Palma,Suecia,0.8
Fuencaliente de La Palma,Suiza,1.1
Garachico,España,38.2
Garachico,Alemania,15.2
Garachico,Bélgica,3.2
Garachico,Dinamarca,0.4
Garachico,Francia,16.1
Garachico,Irlanda,0.4
Garachico,Italia,1.8
Garachico,Noruega,0.4
Garachico,Países Bajos,2.1
Garachico,Polonia,1.8
Garachico,Reino Unido,18.5
Garachico,Suecia,0.7
Garachico,Suiza,1.2
Garafía,España,33.1
Garafía,Alemania,32.0
Garafía,Bélgica,2.8
Garafía,Dinamarca,12.9
Garafía,Francia,3.0
Garafía,Irlanda,0.7
Garafía,Italia,1.8
Garafía,Noruega,0.6
Garafía,Países Bajos,8.0
Garafía,Polonia,0.6
Garafía,Reino Unido,2.3
Garafía,Suecia,0.7
Garafía,Suiza,1.6
Granadilla de Abona,España,15.8
Granadilla de Abona,Alemania,22.0
Granadilla de Abona,Bélgica,1.8
Granadilla de Abona,Dinamarca,0.5
Granadilla de Abona,Francia,4.1
Granadilla de Abona,Irlanda,2.0
Granadilla de Abona,Italia,4.5
Granadilla de Abona,Noruega,0.7
Granadilla de Abona,Países Bajos,2.8
Granadilla de Abona,Polonia,2.7
Granadilla de Abona,Reino Unido,39.6
Granadilla de Abona,Suecia,0.6
Granadilla de Abona,Suiza,2.8
Guía de Isora,España,20.1
Guía de Isora,Alemania,7.1
Guía de Isora,Bélgica,2.2
Guía de Isora,Dinamarca,2.1
Guía de Isora,Francia,9.1
Guía de Isora,Irlanda,1.4
Guía de Isora,Italia,2.2
Guía de Isora,Noruega,1.3
Guía de Isora,Países Bajos,4.0
Guía de Isora,Polonia,6.1
Guía de Isora,Reino Unido,41.1
Guía de Isora,Suecia,2.3
Guía de Isora,Suiza,1.1
Gáldar,España,55.1
Gáldar,Alemania,16.0
Gáldar,Bélgica,1.8
Gáldar,Dinamarca,0.7
Gáldar,Francia,5.5
Gáldar,Irlanda,0.7
Gáldar,Italia,3.0
Gáldar,Noruega,1.0
Gáldar,Países Bajos,2.2
Gáldar,Polonia,1.7
Gáldar,Reino Unido,9.5
Gáldar,Suecia,1.3
Gáldar,Suiza,1.4
Güímar,España,38.2
Güímar,Alemania,15.2
Güímar,Bélgica,3.2
Güímar,Dinamarca,0.4
Güímar,Francia,16.1
Güímar,Irlanda,0.4
Güímar,Italia,1.8
Güímar,Noruega,0.4
Güímar,Países Bajos,2.1
Güímar,Polonia,1.8
Güímar,Reino Unido,18.5
Güímar,Suecia,0.7
Güímar,Suiza,1.2
Haría,España,4.9
Haría,Alemania,25.3
Haría,Bélgica,9.1
Haría,Dinamarca,5.0
Haría,Francia,9.6
Haría,Irlanda,2.1
Haría,Italia,4.3
Haría,Noruega,8.4
Haría,Países Bajos,11.7
Haría,Reino Unido,15.2
Haría,Suiza,4.4
Hermigua,España,39.9
Hermigua,Alemania,28.2
Hermigua,Bélgica,2.2
Hermigua,Dinamarca,4.6
Hermigua,Francia,8.0
Hermigua,Irlanda,0.5
Hermigua,Italia,1.7
Hermigua,Noruega,0.5
Hermigua,Países Bajos,7.2
Hermigua,Polonia,1.7
Hermigua,Reino Unido,3.2
Hermigua,Suecia,0.8
Hermigua,Suiza,1.4
Icod de los Vinos,España,38.2
Icod de los Vinos,Alemania,15.2
Icod de los Vinos,Bélgica,3.2
Icod de los Vinos,Dinamarca,0.4
Icod de los Vinos,Francia,16.1
Icod de los Vinos,Irlanda,0.4
Icod de los Vinos,Italia,1.8
Icod de los Vinos,Noruega,0.4
Icod de los Vinos,Países Bajos,2.1
Icod de los Vinos,Polonia,1.8
Icod de los Vinos,Reino Unido,18.5
Icod de los Vinos,Suecia,0.7
Icod de los Vinos,Suiza,1.2
Ingenio,España,55.1
Ingenio,Alemania,16.0
Ingenio,Bélgica,1.8
Ingenio,Dinamarca,0.7
Ingenio,Francia,5.5
Ingenio,Irlanda,0.7
Ingenio,Italia,3.0
Ingenio,Noruega,1.0
Ingenio,Países Bajos,2.2
Ingenio,Polonia,1.7
Ingenio,Reino Unido,9.5
Ingenio,Suecia,1.3
Ingenio,Suiza,1.4
La Aldea de San Nicolás,España,55.1
La Aldea de San Nicolás,Alemania,16.0
La Aldea de San Nicolás,Bélgica,1.8
La Aldea de San Nicolás,Dinamarca,0.7
La Aldea de San Nicolás,Francia,5.5
La Aldea de San Nicolás,Irlanda,0.7
La Aldea de San Nicolás,Italia,3.0
La Aldea de San Nicolás,Noruega,1.0
La Aldea de San Nicolás,Países Bajos,2.2
La Aldea de San Nicolás,Polonia,1.7
La Aldea de San Nicolás,Reino Unido,9.5
La Aldea de San Nicolás,Suecia,1.3
La Aldea de San Nicolás,Suiza,1.4
La Guancha,España,38.2
La Guancha,Alemania,15.2
La Guancha,Bélgica,3.2
La Guancha,Dinamarca,0.4
La Guancha,Francia,16.1
La Guancha,Irlanda,0.4
La Guancha,Italia,1.8
La Guancha,Noruega,0.4
La Guancha,Países Bajos,2.1
La Guancha,Polonia,1.8
La Guancha,Reino Unido,18.5
La Guancha,Suecia,0.7
La Guancha,Suiza,1.2
La Matanza de Acentejo,España,38.2
La Matanza de Acentejo,Alemania,15.2
La Matanza de Acentejo,Bélgica,3.2
La Matanza de Acentejo,Dinamarca,0.4
La Matanza de Acentejo,Francia,16.1
La Matanza de Acentejo,Irlanda,0.4
La Matanza de Acentejo,Italia,1.8
La Matanza de Acentejo,Noruega,0.4
La Matanza de Acentejo,Países Bajos,2.1
La Matanza de Acentejo,Polonia,1.8
La Matanza de Acentejo,Reino Unido,18.5
La Matanza de Acentejo,Suecia,0.7
La Matanza de Acentejo,Suiza,1.2
La Oliva,España,8.0
La Oliva,Alemania,17.1
La Oliva,Bélgica,0.9
La Oliva,Dinamarca,0.7
La Oliva,Francia,3.5
La Oliva,Irlanda,4.3
La Oliva,Italia,5.1
La Oliva,Noruega,0.2
La Oliva,Países Bajos,5.1
La Oliva,Polonia,3.9
La Oliva,Reino Unido,49.7
La Oliva,Suecia,0.6
La Oliva,Suiza,0.8
La Orotava,España,38.2
La Orotava,Alemania,15.2
La Orotava,Bélgica,3.2
La Orotava,Dinamarca,0.4
La Orotava,Francia,16.1
La Orotava,Irlanda,0.4
La Orotava,Italia,1.8
La Orotava,Noruega,0.4
La Orotava,Países Bajos,2.1
La Orotava,Polonia,1.8
La Orotava,Reino Unido,18.5
La Orotava,Suecia,0.7
La Orotava,Suiza,1.2
La Victoria de Acentejo,España,38.2
La Victoria de Acentejo,Alemania,15.2
La Victoria de Acentejo,Bélgica,3.2
La Victoria de Acentejo,Dinamarca,0.4
La Victoria de Acentejo,Francia,16.1
La Victoria de Acentejo,Irlanda,0.4
La Victoria de Acentejo,Italia,1.8
La Victoria de Acentejo,Noruega,0.4
La Victoria de Acentejo,Países Bajos,2.1
La Victoria de Acentejo,Polonia,1.8
La Victoria de Acentejo,Reino Unido,18.5
La Victoria de Acentejo,Suecia,0.7
La Victoria de Acentejo,Suiza,1.2
Las Palmas de Gran Canaria,España,52.4
Las Palmas de Gran Canaria,Alemania,11.8
Las Palmas de Gran Canaria,Bélgica,0.9
Las Palmas de Gran Canaria,Dinamarca,2.1
Las Palmas de Gran Canaria,Francia,3.0
Las Palmas de Gran Canaria,Irlanda,1.5
Las Palmas de Gran Canaria,Italia,4.0
Las Palmas de Gran Canaria,Noruega,4.3
Las Palmas de Gran Canaria,Países Bajos,2.5
Las Palmas de Gran Canaria,Polonia,1.4
Las Palmas de Gran Canaria,Reino Unido,8.3
Las Palmas de Gran Canaria,Suecia,6.5
Las Palmas de Gran Canaria,Suiza,1.3
Los Llanos de Aridane,España,37.5
Los Llanos de Aridane,Alemania,47.7
Los Llanos de Aridane,Bélgica,1.0
Los Llanos de Aridane,Dinamarca,2.4
Los Llanos de Aridane,Francia,1.0
Los Llanos de Aridane,Irlanda,0.1
Los Llanos de Aridane,Italia,0.5
Los Llanos de Aridane,Noruega,0.1
Los Llanos de Aridane,Países Bajos,3.7
Los Llanos de Aridane,Polonia,2.6
Los Llanos de Aridane,Reino Unido,1.4
Los Llanos de Aridane,Suecia,0.2
Los Llanos de Aridane,Suiza,1.9
Los Realejos,España,38.2
Los Realejos,Alemania,15.2
Los Realejos,Bélgica,3.2
Los Realejos,Dinamarca,0.4
Los Realejos,Francia,16.1
Los Realejos,Irlanda,0.4
Los Realejos,Italia,1.8
Los Realejos,Noruega,0.4
Los Realejos,Países Bajos,2.1
Los Realejos,Polonia,1.8
Los Realejos,Reino Unido,18.5
Los Realejos,Suecia,0.7
Los Realejos,Suiza,1.2
Los Silos,España,38.2
Los Silos,Alemania,15.2
Los Silos,Bélgica,3.2
Los Silos,Dinamarca,0.4
Los Silos,Francia,16.1
Los Silos,Irlanda,0.4
Los Silos,Italia,1.8
Los Silos,Noruega,0.4
Los Silos,Países Bajos,2.1
Los Silos,Polonia,1.8
Los Silos,Reino Unido,18.5
Los Silos,Suecia,0.7
Los Silos,Suiza,1.2
Mogán,España,7.8
Mogán,Alemania,6.5
Mogán,Bélgica,1.5
Mogán,Dinamarca,7.3
Mogán,Francia,1.5
Mogán,Irlanda,5.5
Mogán,Italia,1.3
Mogán,Noruega,18.2
Mogán,Países Bajos,4.0
Mogán,Polonia,1.4
Mogán,Reino Unido,35.1
Mogán,Suecia,9.3
Mogán,Suiza,0.6
Moya,España,55.1
Moya,Alemania,16.0
Moya,Bélgica,1.8
Moya,Dinamarca,0.7
Moya,Francia,5.5
Moya,Irlanda,0.7
Moya,Italia,3.0
Moya,Noruega,1.0
Moya,Países Bajos,2.2
Moya,Polonia,1.7
Moya,Reino Unido,9.5
Moya,Suecia,1.3
Moya,Suiza,1.4
Puerto de la Cruz,España,33.8
Puerto de la Cruz,Alemania,26.5
Puerto de la Cruz,Bélgica,1.2
Puerto de la Cruz,Dinamarca,1.4
Puerto de la Cruz,Francia,7.6
Puerto de la Cruz,Irlanda,1.3
Puerto de la Cruz,Italia,2.1
Puerto de la Cruz,Noruega,1.2
Puerto de la Cruz,Países Bajos,2.5
Puerto de la Cruz,Polonia,4.6
Puerto de la Cruz,Reino Unido,15.5
Puerto de la Cruz,Suecia,1.5
Puerto de la Cruz,Suiza,0.8
Puerto del Rosario,España,56.5
Puerto del Rosario,Alemania,9.1
Puerto del Rosario,Bélgica,1.0
Puerto del Rosario,Dinamarca,1.7
Puerto del Rosario,Francia,3.6
Puerto del Rosario,Irlanda,1.9
Puerto del Rosario,Italia,10.9
Puerto del Rosario,Noruega,1.6
Puerto del Rosario,Países Bajos,2.1
Puerto del Rosario,Polonia,1.3
Puerto del Rosario,Reino Unido,8.0
Puerto del Rosario,Suecia,0.3
Puerto del Rosario,Suiza,2.0
Puntagorda,España,33.1
Puntagorda,Alemania,32.0
Puntagorda,Bélgica,2.8
Puntagorda,Dinamarca,12.9
Puntagorda,Francia,3.0
Puntagorda,Irlanda,0.7
Puntagorda,Italia,1.8
Puntagorda,Noruega,0.6
Puntagorda,Países Bajos,8.0
Puntagorda,Polonia,0.6
Puntagorda,Reino Unido,2.3
Puntagorda,Suecia,0.7
Puntagorda,Suiza,1.6
Puntallana,España,33.1
Puntallana,Alemania,32.0
Puntallana,Bélgica,2.8
Puntallana,Dinamarca,12.9
Puntallana,Francia,3.0
Puntallana,Irlanda,0.7
Puntallana,Italia,1.8
Puntallana,Noruega,0.6
Puntallana,Países Bajos,8.0
Puntallana,Polonia,0.6
Puntallana,Reino Unido,2.3
Puntallana,Suecia,0.7
Puntallana,Suiza,1.6
Pájara,España,9.8
Pájara,Alemania,58.3
Pájara,Bélgica,0.9
Pájara,Dinamarca,0.6
Pájara,Francia,4.2
Pájara,Irlanda,0.6
Pájara,Italia,2.9
Pájara,Noruega,0.1
Pájara,Países Bajos,2.5
Pájara,Polonia,5.9
Pájara,Reino Unido,12.1
Pájara,Suecia,0.4
Pájara,Suiza,1.8
San Andrés y Sauces,España,33.1
San Andrés y Sauces,Alemania,32.0
San Andrés y Sauces,Bélgica,2.8
San Andrés y Sauces,Dinamarca,12.9
San Andrés y Sauces,Francia,3.0
San Andrés y Sauces,Irlanda,0.7
San Andrés y Sauces,Italia,1.8
San Andrés y Sauces,Noruega,0.6
San Andrés y Sauces,Países Bajos,8.0
San Andrés y Sauces,Polonia,0.6
San Andrés y Sauces,Reino Unido,2.3
San Andrés y Sauces,Suecia,0.7
San Andrés y Sauces,Suiza,1.6
San Bartolomé,,
San Bartolomé de Tirajana,España,12.8
San Bartolomé de Tirajana,Alemania,27.3
San Bartolomé de Tirajana,Bélgica,4.0
San Bartolomé de Tirajana,Dinamarca,2.2
San Bartolomé de Tirajana,Francia,3.3
San Bartolomé de Tirajana,Irlanda,1.6
San Bartolomé de Tirajana,Italia,2.6
San Bartolomé de Tirajana,Noruega,3.1
San Bartolomé de Tirajana,Países Bajos,10.9
San Bartolomé de Tirajana,Polonia,3.0
San Bartolomé de Tirajana,Reino Unido,20.8
San Bartolomé de Tirajana,Suecia,6.0
San Bartolomé de Tirajana,Suiza,2.4
San Cristóbal de La Laguna,España,52.5
San Cristóbal de La Laguna,Alemania,17.6
San Cristóbal de La Laguna,Bélgica,1.9
San Cristóbal de La Laguna,Dinamarca,0.5
San Cristóbal de La Laguna,Francia,7.0
San Cristóbal de La Laguna,Irlanda,0.9
San Cristóbal de La Laguna,Italia,3.9
San Cristóbal de La Laguna,Noruega,0.4
San Cristóbal de La Laguna,Países Bajos,2.4
San Cristóbal de La Laguna,Polonia,0.7
San Cristóbal de La Laguna,Reino Unido,8.0
San Cristóbal de La Laguna,Suecia,0.8
San Cristóbal de La Laguna,Suiza,3.4
San Juan de la Rambla,España,38.2
San Juan de la Rambla,Alemania,15.2
San Juan de la Rambla,Bélgica,3.2
San Juan de la Rambla,Dinamarca,0.4
San Juan de la Rambla,Francia,16.1
San Juan de la Rambla,Irlanda,0.4
San Juan de la Rambla,Italia,1.8
San Juan de la Rambla,Noruega,0.4
San Juan de la Rambla,Países Bajos,2.1
San Juan de la Rambla,Polonia,1.8
San Juan de la Rambla,Reino Unido,18.5
San Juan de la Rambla,Suecia,0.7
San Juan de la Rambla,Suiza,1.2
San Miguel de Abona,España,15.9
San Miguel de Abona,Alemania,4.7
San Miguel de Abona,Bélgica,2.5
San Miguel de Abona,Dinamarca,0.8
San Miguel de Abona,Francia,7.0
San Miguel de Abona,Irlanda,5.0
San Miguel de Abona,Italia,2.8
San Miguel de Abona,Noruega,1.1
San Miguel de Abona,Países Bajos,3.1
San Miguel de Abona,Polonia,1.1
San Miguel de Abona,Reino Unido,54.5
San Miguel de Abona,Suecia,0.7
San Miguel de Abona,Suiza,0.8
San Sebastián de La Gomera,España,33.6
San Sebastián de La Gomera,Alemania,36.8
San Sebastián de La Gomera,Bélgica,3.2
San Sebastián de La Gomera,Dinamarca,3.3
San Sebastián de La Gomera,Francia,1.8
San Sebastián de La Gomera,Irlanda,1.1
San Sebastián de La Gomera,Italia,0.8
San Sebastián de La Gomera,Noruega,1.4
San Sebastián de La Gomera,Países Bajos,1.3
San Sebastián de La Gomera,Polonia,0.6
San Sebastián de La Gomera,Reino Unido,10.8
San Sebastián de La Gomera,Suecia,2.6
San Sebastián de La Gomera,Suiza,2.6
Santa Brígida,España,55.1
Santa Brígida,Alemania,16.0
Santa Brígida,Bélgica,1.8
Santa Brígida,Dinamarca,0.7
Santa Brígida,Francia,5.5
Santa Brígida,Irlanda,0.7
Santa Brígida,Italia,3.0
Santa Brígida,Noruega,1.0
Santa Brígida,Países Bajos,2.2
Santa Brígida,Polonia,1.7
Santa Brígida,Reino Unido,9.5
Santa Brígida,Suecia,1.3
Santa Brígida,Suiza,1.4
Santa Cruz de La Palma,España,55.4
Santa Cruz de La Palma,Alemania,22.3
Santa Cruz de La Palma,Bélgica,1.5
Santa Cruz de La Palma,Dinamarca,5.5
Santa Cruz de La Palma,Francia,4.0
Santa Cruz de La Palma,Irlanda,1.0
Santa Cruz de La Palma,Italia,2.5
Santa Cruz de La Palma,Noruega,0.2
Santa Cruz de La Palma,Países Bajos,1.6
Santa Cruz de La Palma,Polonia,1.0
Santa Cruz de La Palma,Reino Unido,3.1
Santa Cruz de La Palma,Suecia,0.5
Santa Cruz de La Palma,Suiza,1.4
Santa Cruz de Tenerife,España,64.9
Santa Cruz de Tenerife,Alemania,8.5
Santa Cruz de Tenerife,Bélgica,1.3
Santa Cruz de Tenerife,Dinamarca,0.7
Santa Cruz de Tenerife,Francia,5.4
Santa Cruz de Tenerife,Irlanda,1.0
Santa Cruz de Tenerife,Italia,5.0
Santa Cruz de Tenerife,Noruega,0.8
Santa Cruz de Tenerife,Países Bajos,1.6
Santa Cruz de Tenerife,Polonia,1.6
Santa Cruz de Tenerife,Reino Unido,6.7
Santa Cruz de Tenerife,Suecia,1.0
Santa Cruz de Tenerife,Suiza,1.4
Santa Lucía de Tirajana,España,55.1
Santa Lucía de Tirajana,Alemania,16.0
Santa Lucía de Tirajana,Bélgica,1.8
Santa Lucía de Tirajana,Dinamarca,0.7
Santa Lucía de Tirajana,Francia,5.5
Santa Lucía de Tirajana,Irlanda,0.7
Santa Lucía de Tirajana,Italia,3.0
Santa Lucía de Tirajana,Noruega,1.0
Santa Lucía de Tirajana,Países Bajos,2.2
Santa Lucía de Tirajana,Polonia,1.7
Santa Lucía de Tirajana,Reino Unido,9.5
Santa Lucía de Tirajana,Suecia,1.3
Santa Lucía de Tirajana,Suiza,1.4
Santa María de Guía de Gran Canaria,España,55.1
Santa María de Guía de Gran Canaria,Alemania,16.0
Santa María de Guía de Gran Canaria,Bélgica,1.8
Santa María de Guía de Gran Canaria,Dinamarca,0.7
Santa María de Guía de Gran Canaria,Francia,5.5
Santa María de Guía de Gran Canaria,Irlanda,0.7
Santa María de Guía de Gran Canaria,Italia,3.0
Santa María de Guía de Gran Canaria,Noruega,1.0
Santa María de Guía de Gran Canaria,Países Bajos,2.2
Santa María de Guía de Gran Canaria,Polonia,1.7
Santa María de Guía de Gran Canaria,Reino Unido,9.5
Santa María de Guía de Gran Canaria,Suecia,1.3
Santa María de Guía de Gran Canaria,Suiza,1.4
Santa Úrsula,España,38.2
Santa Úrsula,Alemania,15.2
Santa Úrsula,Bélgica,3.2
Santa Úrsula,Dinamarca,0.4
Santa Úrsula,Francia,16.1
Santa Úrsula,Irlanda,0.4
Santa Úrsula,Italia,1.8
Santa Úrsula,Noruega,0.4
Santa Úrsula,Países Bajos,2.1
Santa Úrsula,Polonia,1.8
Santa Úrsula,Reino Unido,18.5
Santa Úrsula,Suecia,0.7
Santa Úrsula,Suiza,1.2
Santiago del Teide,España,6.5
Santiago del Teide,Alemania,10.9
Santiago del Teide,Bélgica,2.2
Santiago del Teide,Dinamarca,1.5
Santiago del Teide,Francia,9.4
Santiago del Teide,Irlanda,2.2
Santiago del Teide,Italia,1.6
Santiago del Teide,Noruega,0.6
Santiago del Teide,Países Bajos,3.3
Santiago del Teide,Polonia,9.4
Santiago del Teide,Reino Unido,50.3
Santiago del Teide,Suecia,1.1
Santiago del Teide,Suiza,0.9
Tacoronte,España,38.2
Tacoronte,Alemania,15.2
Tacoronte,Bélgica,3.2
Tacoronte,Dinamarca,0.4
Tacoronte,Francia,16.1
Tacoronte,Irlanda,0.4
Tacoronte,Italia,1.8
Tacoronte,Noruega,0.4
Tacoronte,Países Bajos,2.1
Tacoronte,Polonia,1.8
Tacoronte,Reino Unido,18.5
Tacoronte,Suecia,0.7
Tacoronte,Suiza,1.2
Tazacorte,España,39.6
Tazacorte,Alemania,37.2
Tazacorte,Bélgica,5.3
Tazacorte,Dinamarca,0.6
Tazacorte,Francia,3.0
Tazacorte,Italia,1.1
Tazacorte,Noruega,0.9
Tazacorte,Países Bajos,3.5
Tazacorte,Polonia,1.8
Tazacorte,Reino Unido,2.7
Tazacorte,Suecia,2.5
Tazacorte,Suiza,1.7
Tegueste,España,38.2
Tegueste,Alemania,15.2
Tegueste,Bélgica,3.2
Tegueste,Dinamarca,0.4
Tegueste,Francia,16.1
Tegueste,Irlanda,0.4
Tegueste,Italia,1.8
Tegueste,Noruega,0.4
Tegueste,Países Bajos,2.1
Tegueste,Polonia,1.8
Tegueste,Reino Unido,18.5
Tegueste,Suecia,0.7
Tegueste,Suiza,1.2
Teguise,España,11.2
Teguise,Alemania,11.7
Teguise,Bélgica,0.9
Teguise,Dinamarca,0.1
Teguise,Francia,5.1
Teguise,Irlanda,5.1
Teguise,Italia,1.2
Teguise,Noruega,0.1
Teguise,Países Bajos,1.7
Teguise,Polonia,2.4
Teguise,Reino Unido,59.7
Teguise,Suecia,0.2
Teguise,Suiza,0.7
Tejeda,España,55.1
Tejeda,Alemania,16.0
Tejeda,Bélgica,1.8
Tejeda,Dinamarca,0.7
Tejeda,Francia,5.5
Tejeda,Irlanda,0.7
Tejeda,Italia,3.0
Tejeda,Noruega,1.0
Tejeda,Países Bajos,2.2
Tejeda,Polonia,1.7
Tejeda,Reino Unido,9.5
Tejeda,Suecia,1.3
Tejeda,Suiza,1.4
Telde,España,55.1
Telde,Alemania,16.0
Telde,Bélgica,1.8
Telde,Dinamarca,0.7
Telde,Francia,5.5
Telde,Irlanda,0.7
Telde,Italia,3.0
Telde,Noruega,1.0
Telde,Países Bajos,2.2
Telde,Polonia,1.7
Telde,Reino Unido,9.5
Telde,Suecia,1.3
Telde,Suiza,1.4
Teror,España,55.1
Teror,Alemania,16.0
Teror,Bélgica,1.8
Teror,Dinamarca,0.7
Teror,Francia,5.5
Teror,Irlanda,0.7
Teror,Italia,3.0
Teror,Noruega,1.0
Teror,Países Bajos,2.2
Teror,Polonia,1.7
Teror,Reino Unido,9.5
Teror,Suecia,1.3
Teror,Suiza,1.4
Tijarafe,España,33.1
Tijarafe,Alemania,32.0
Tijarafe,Bélgica,2.8
Tijarafe,Dinamarca,12.9
Tijarafe,Francia,3.0
Tijarafe,Irlanda,0.7
Tijarafe,Italia,1.8
Tijarafe,Noruega,0.6
Tijarafe,Países Bajos,8.0
Tijarafe,Polonia,0.6
Tijarafe,Reino Unido,2.3
Tijarafe,Suecia,0.7
Tijarafe,Suiza,1.6
Tinajo,,
Tuineje,España,2.5
Tuineje,Alemania,36.0
Tuineje,Dinamarca,24.5
Tuineje,Francia,9.7
Tuineje,Italia,0.2
Tuineje,Polonia,5.2
Tuineje,Reino Unido,5.3
Tuineje,Suecia,15.4
Tuineje,Suiza,1.3
Tías,España,7.0
Tías,Alemania,12.5
Tías,Bélgica,1.3
Tías,Dinamarca,0.2
Tías,Francia,4.5
Tías,Irlanda,20.6
Tías,Italia,1.6
Tías,Noruega,0.7
Tías,Países Bajos,4.2
Tías,Polonia,1.2
Tías,Reino Unido,44.4
Tías,Suecia,0.7
Tías,Suiza,1.0
Valle Gran Rey,España,23.8
Valle Gran Rey,Alemania,64.3
Valle Gran Rey,Bélgica,0.6
Valle Gran Rey,Dinamarca,0.9
Valle Gran Rey,Francia,0.7
Valle Gran Rey,Irlanda,0.5
Valle Gran Rey,Italia,0.7
Valle Gran Rey,Noruega,1.0
Valle Gran Rey,Países Bajos,2.1
Valle Gran Rey,Polonia,0.4
Valle Gran Rey,Reino Unido,2.6
Valle Gran Rey,Suecia,0.9
Valle Gran Rey,Suiza,1.5
Vallehermoso,España,18.3
Vallehermoso,Alemania,46.9
Vallehermoso,Bélgica,5.1
Vallehermoso,Dinamarca,2.0
Vallehermoso,Francia,2.3
Vallehermoso,Irlanda,1.3
Vallehermoso,Italia,2.1
Vallehermoso,Noruega,2.8
Vallehermoso,Países Bajos,4.4
Vallehermoso,Polonia,3.6
Vallehermoso,Reino Unido,5.5
Vallehermoso,Suecia,0.8
Vallehermoso,Suiza,4.9
Valleseco,España,55.1
Valleseco,Alemania,16.0
Valleseco,Bélgica,1.8
Valleseco,Dinamarca,0.7
Valleseco,Francia,5.5
Valleseco,Irlanda,0.7
Valleseco,Italia,3.0
Valleseco,Noruega,1.0
Valleseco,Países Bajos,2.2
Valleseco,Polonia,1.7
Valleseco,Reino Unido,9.5
Valleseco,Suecia,1.3
Valleseco,Suiza,1.4
Valsequillo de Gran Canaria,España,55.1
Valsequillo de Gran Canaria,Alemania,16.0
Valsequillo de Gran Canaria,Bélgica,1.8
Valsequillo de Gran Canaria,Dinamarca,0.7
Valsequillo de Gran Canaria,Francia,5.5
Valsequillo de Gran Canaria,Irlanda,0.7
Valsequillo de Gran Canaria,Italia,3.0
Valsequillo de Gran Canaria,Noruega,1.0
Valsequillo de Gran Canaria,Países Bajos,2.2
Valsequillo de Gran Canaria,Polonia,1.7
Valsequillo de Gran Canaria,Reino Unido,9.5
Valsequillo de Gran Canaria,Suecia,1.3
Valsequillo de Gran Canaria,Suiza,1.4
Valverde,España,84.3
Valverde,Alemania,6.4
Valverde,Bélgica,1.0
Valverde,Dinamarca,0.4
Valverde,Francia,1.6
Valverde,Irlanda,0.5
Valverde,Italia,0.6
Valverde,Noruega,0.6
Valverde,Países Bajos,0.6
Valverde,Polonia,0.3
Valverde,Reino Unido,1.4
Valverde,Suecia,0.5
Valverde,Suiza,1.7
Vega de San Mateo,España,55.1
Vega de San Mateo,Alemania,16.0
Vega de San Mateo,Bélgica,1.8
Vega de San Mateo,Dinamarca,0.7
Vega de San Mateo,Francia,5.5
Vega de San Mateo,Irlanda,0.7
Vega de San Mateo,Italia,3.0
Vega de San Mateo,Noruega,1.0
Vega de San Mateo,Países Bajos,2.2
Vega de San Mateo,Polonia,1.7
Vega de San Mateo,Reino Unido,9.5
Vega de San Mateo,Suecia,1.3
Vega de San Mateo,Suiza,1.4
Vilaflor de Chasna,España,38.2
Vilaflor de Chasna,Alemania,15.2
Vilaflor de Chasna,Bélgica,3.2
Vilaflor de Chasna,Dinamarca,0.4
Vilaflor de Chasna,Francia,16.1
Vilaflor de Chasna,Irlanda,0.4
Vilaflor de Chasna,Italia,1.8
Vilaflor de Chasna,Noruega,0.4
Vilaflor de Chasna,Países Bajos,2.1
Vilaflor de Chasna,Polonia,1.8
Vilaflor de Chasna,Reino Unido,18.5
Vilaflor de Chasna,Suecia,0.7
Vilaflor de Chasna,Suiza,1.2
Villa de Mazo,España,33.1
Villa de Mazo,Alemania,32.0
Villa de Mazo,Bélgica,2.8
Villa de Mazo,Dinamarca,12.9
Villa de Mazo,Francia,3.0
Villa de Mazo,Irlanda,0.7
Villa de Mazo,Italia,1.8
Villa de Mazo,Noruega,0.6
Villa de Mazo,Países Bajos,8.0
Villa de Mazo,Polonia,0.6
Villa de Mazo,Reino Unido,2.3
Villa de Mazo,Suecia,0.7
Villa de Mazo,Suiza,1.6
Yaiza,España,9.1
Yaiza,Alemania,7.7
Yaiza,Bélgica,2.8
Yaiza,Dinamarca,0.2
Yaiza,Francia,7.9
Yaiza,Irlanda,7.8
Yaiza,Italia,1.3
Yaiza,Noruega,0.3
Yaiza,Países Bajos,3.2
Yaiza,Polonia,1.8
Yaiza,Reino Unido,56.5
Yaiza,Suecia,0.5
Yaiza,Suiza,0.8
