territorio,resumen_llm
Adeje,"Adeje se sitúa entre los municipios de mayor presión turística de Canarias con una previsión de ligera moderación para 2026. Genera ingresos turísticos elevados, al alza. Predomina el alojamiento hotelero. Cuenta con una amplia presencia en los medios y de carácter neutro."
Agaete,"Aparece de forma intermitente en los medios y de carácter neutro. Agaete registra una presión turística moderada y su proyección apunta a más presión el próximo año. Sus ingresos turísticos son intermedios y se encuentran con tendencia creciente. El modelo turístico se apoya sobre todo en la planta hotelera. Cuenta con una amplia contención en 2026. El máximo de actividad se alcanza en noviembre. Registra una notable cobertura mediática con perspectivas crecientes de cara a 2026, un dato a seguir de cerca."
Agulo,"Agulo se mantiene entre los municipios menos tensionados por el turismo con perspectivas crecientes de cara a 2026. Genera ingresos turísticos modestos, al alza. Predomina el alojamiento hotelero. Cuenta con una amplia presencia en los medios y de carácter neutro."
Agüimes,"Agüimes mantiene un nivel intermedio de presión turística con perspectivas crecientes de cara a 2026. Sus ingresos turísticos son intermedios y se encuentran con tendencia creciente, sobre una población notablemente envejecida. Su oferta de alojamiento es principalmente hotelera. Cuenta con una amplia presencia en los medios y de tono favorable."
Alajeró,Alajeró presenta una presión turística baja y su proyección apunta a más presión el próximo año. Sus ingresos turísticos son reducidos y se encuentran al alza. El modelo turístico se apoya sobre todo en la planta hotelera. Aparece de forma intermitente en los medios y de carácter neutro.
Antigua,Antigua figura entre los puntos más tensionados del archipiélago por el turismo con perspectivas crecientes de cara a 2026. Sus ingresos turísticos son elevados y se encuentran al alza. El modelo turístico se apoya sobre todo en la planta hotelera. Cuenta con una amplia presencia en los medios y de tono favorable.
Arafo,Arafo registra una presión turística moderada y su proyección apunta a más presión el próximo año. Sus ingresos turísticos son reducidos y se encuentran al alza. Su oferta de alojamiento es principalmente hotelera. Aparece de forma intermitente en los medios y de carácter neutro.
Arico,Arico mantiene un nivel intermedio de presión turística con perspectivas crecientes de cara a 2026. Sus ingresos turísticos son elevados y se encuentran al alza. El modelo turístico se apoya sobre todo en la planta hotelera. Cuenta con una amplia presencia en los medios y de carácter neutro.
Arona,Arona figura entre los puntos más tensionados del archipiélago por el turismo con perspectivas crecientes de cara a 2026. Sus ingresos turísticos son elevados y se encuentran al alza. El modelo turístico se apoya sobre todo en la planta hotelera. Cuenta con una amplia presencia en los medios y de tono favorable.
Arrecife,Arrecife figura entre los puntos más tensionados del archipiélago por el turismo y su proyección apunta a una leve contención en 2026. Sus ingresos turísticos son elevados y se encuentran al alza. El modelo turístico se apoya sobre todo en la planta hotelera. Cuenta con una amplia presencia en los medios y de tono favorable.
Artenara,Sus ingresos turísticos son reducidos y se encuentran sin grandes cambios. Artenara figura entre los puntos más tensionados del archipiélago por el turismo con perspectivas crecientes de cara a 2026. Su oferta de alojamiento es principalmente hotelera. Cuenta con una amplia presencia en los medios y de tono favorable.
Arucas,"Aparece de forma intermitente en los medios y de carácter neutro. Arucas mantiene un nivel intermedio de presión turística y su proyección apunta a más presión el próximo año. Sus ingresos turísticos son intermedios y se encuentran en descenso. Su oferta de alojamiento es principalmente hotelera. Su temporada alta llega en diciembre. Registra una notable cobertura mediática con perspectivas crecientes de cara a 2026. Su serie reciente fue marcada como anómala en 2025, un dato a seguir de cerca."
Barlovento,Barlovento se mantiene entre los municipios menos tensionados por el turismo con perspectivas crecientes de cara a 2026. Sus ingresos turísticos son reducidos y se encuentran sin grandes cambios. El modelo turístico se apoya sobre todo en la planta hotelera. Cuenta con una amplia presencia en los medios y de carácter neutro.
Betancuria,Betancuria presenta una presión turística baja y su proyección apunta a más presión el próximo año. Sus ingresos turísticos son reducidos y se encuentran en descenso. El modelo turístico se apoya sobre todo en la planta hotelera. Cuenta con una amplia presencia en los medios y de tono favorable.
Breña Alta,Breña Alta presenta una presión turística baja y su proyección apunta a más presión el próximo año. Sus ingresos turísticos son reducidos y se encuentran sin grandes cambios. El modelo turístico se apoya sobre todo en la planta hotelera. Aparece de forma intermitente en los medios y de carácter neutro.
Breña Baja,Breña Baja figura entre los puntos más tensionados del archipiélago por el turismo y su proyección apunta a más presión el próximo año. Sus ingresos turísticos son intermedios y se encuentran al alza. El modelo turístico se apoya sobre todo en la planta hotelera. Cuenta con una amplia presencia en los medios y de carácter neutro.
Buenavista del Norte,Sus ingresos turísticos son intermedios y se encuentran sin grandes cambios. Buenavista del Norte registra una presión turística moderada y su proyección apunta a más presión el próximo año. Su oferta de alojamiento es principalmente hotelera. Aparece de forma intermitente en los medios y de carácter neutro.
Candelaria,Candelaria mantiene un nivel intermedio de presión turística con perspectivas crecientes de cara a 2026. Sus ingresos turísticos son elevados y se encuentran al alza. El modelo turístico se apoya sobre todo en la planta hotelera. Cuenta con una amplia presencia en los medios y de tono favorable.
El Paso,El Paso presenta una presión turística baja y su proyección apunta a más presión el próximo año. Sus ingresos turísticos son intermedios y se encuentran sin grandes cambios. El modelo turístico se apoya sobre todo en la planta hotelera. Cuenta con una amplia presencia en los medios y de tono crítico.
El Pinar de El Hierro,El Pinar de El Hierro se mantiene entre los municipios menos tensionados por el turismo y su proyección apunta a más presión el próximo año. Sus ingresos turísticos son reducidos y se encuentran al alza. Su oferta de alojamiento es principalmente hotelera. Aparece de forma intermitente en los medios y de carácter neutro.
El Rosario,El Rosario mantiene un nivel intermedio de presión turística con perspectivas crecientes de cara a 2026. Sus ingresos turísticos son elevados y se encuentran con tendencia creciente. El modelo turístico se apoya sobre todo en la planta hotelera. Cuenta con una amplia presencia en los medios y de tono favorable.
El Sauzal,El Sauzal figura entre los puntos más tensionados del archipiélago por el turismo y su proyección apunta a más presión el próximo año. Sus ingresos turísticos son intermedios y se encuentran en descenso. Su oferta de alojamiento es principalmente hotelera. Cuenta con una amplia presencia en los medios y de carácter neutro.
El Tanque,"El Tanque figura entre los puntos más tensionados del archipiélago por el turismo con perspectivas crecientes de cara a 2026. Sus ingresos turísticos son reducidos y se encuentran en descenso, sobre una población notablemente envejecida. Su oferta de alojamiento es principalmente hotelera. Su presencia mediática es moderada y de carácter neutro."
Fasnia,Fasnia figura entre los puntos más tensionados del archipiélago por el turismo con perspectivas crecientes de cara a 2026. Sus ingresos turísticos son reducidos y se encuentran al alza. El modelo turístico se apoya sobre todo en la planta hotelera. Cuenta con una amplia presencia en los medios y de tono favorable.
Firgas,Firgas registra una presión turística moderada y su proyección apunta a más presión el próximo año. Sus ingresos turísticos son reducidos y se encuentran en descenso. Su oferta de alojamiento es principalmente hotelera. Aparece de forma intermitente en los medios y de carácter neutro.
Frontera,Frontera se mantiene entre los municipios menos tensionados por el turismo y su proyección apunta a más presión el próximo año. Sus ingresos turísticos son intermedios y se encuentran con tendencia creciente. El modelo turístico se apoya sobre todo en la planta hotelera. Cuenta con una amplia presencia en los medios y de tono favorable.
Fuencaliente de La Palma,Sus ingresos turísticos son reducidos y se encuentran al alza. Fuencaliente de La Palma figura entre los puntos más tensionados del archipiélago por el turismo con perspectivas crecientes de cara a 2026. Su oferta de alojamiento es principalmente hotelera. Cuenta con una amplia presencia en los medios y de tono favorable.
Garachico,Garachico figura entre los puntos más tensionados del archipiélago por el turismo con perspectivas crecientes de cara a 2026. Sus ingresos turísticos son intermedios y se encuentran al alza. El modelo turístico se apoya sobre todo en la planta hotelera. Cuenta con una amplia presencia en los medios y de tono favorable.
Garafía,Garafía presenta una presión turística baja y su proyección apunta a más presión el próximo año. Sus ingresos turísticos son reducidos y se encuentran sin grandes cambios. El modelo turístico se apoya sobre todo en la planta hotelera. Aparece de forma intermitente en los medios y de carácter neutro.
Granadilla de Abona,"Genera ingresos turísticos elevados, al alza. Granadilla de Abona mantiene un nivel intermedio de presión turística con una previsión de ligera moderación para 2026. Su oferta de alojamiento es principalmente hotelera. Cuenta con una amplia presencia en los medios y de carácter neutro."
Guía de Isora,Guía de Isora mantiene un nivel intermedio de presión turística con una previsión al alza para 2026. Sus ingresos turísticos son elevados y se encuentran sin grandes cambios. El modelo turístico se apoya sobre todo en la planta hotelera. Cuenta con una amplia presencia en los medios y de tono favorable.
Gáldar,Aparece de forma intermitente en los medios y de tono favorable. Gáldar registra una presión turística moderada y su proyección apunta a más presión el próximo año. Sus ingresos turísticos son intermedios y se encuentran al alza. El máximo de actividad se alcanza en noviembre.
Güímar,la presión turística en Güímar es contenida con perspectivas crecientes de cara a 2026. Sus ingresos turísticos son intermedios y se encuentran al alza. El modelo turístico se apoya sobre todo en la planta hotelera. Aparece de forma intermitente en los medios y de carácter neutro.
Haría,Haría se mantiene entre los municipios menos tensionados por el turismo con una previsión de ligera moderación para 2026. Sus ingresos turísticos son elevados y se encuentran al alza. Su oferta de alojamiento es principalmente hotelera. Cuenta con una amplia presencia en los medios y de tono favorable.
Hermigua,Hermigua presenta una presión turística baja con una previsión de ligera moderación para 2026. Sus ingresos turísticos son intermedios y se encuentran sin grandes cambios. El modelo turístico se apoya sobre todo en la planta hotelera. Aparece de forma intermitente en los medios y de tono favorable.
Icod de los Vinos,Aparece de forma intermitente en los medios y de tono favorable. La presión turística en Icod de los Vinos es contenida y su proyección apunta a más presión el próximo año. Sus ingresos turísticos son elevados y se encuentran al alza. El máximo de actividad se alcanza en noviembre.
Ingenio,Ingenio registra una presión turística moderada y su proyección apunta a más presión el próximo año. Sus ingresos turísticos son intermedios y se encuentran en descenso. El modelo turístico se apoya sobre todo en la planta hotelera. Cuenta con una amplia presencia en los medios y de tono favorable.
La Aldea de San Nicolás,La Aldea de San Nicolás se mantiene entre los municipios menos tensionados por el turismo y su proyección apunta a más presión el próximo año. Sus ingresos turísticos son reducidos y se encuentran con tendencia decreciente. El modelo turístico se apoya sobre todo en la planta hotelera. Aparece de forma intermitente en los medios y de tono favorable.
La Guancha,La Guancha mantiene un nivel intermedio de presión turística con perspectivas crecientes de cara a 2026. Sus ingresos turísticos son reducidos y se encuentran al alza. El modelo turístico se apoya sobre todo en la planta hotelera. Cuenta con una amplia presencia en los medios y de tono favorable.
La Matanza de Acentejo,La Matanza de Acentejo figura entre los puntos más tensionados del archipiélago por el turismo con perspectivas crecientes de cara a 2026. Sus ingresos turísticos son intermedios y se encuentran al alza. El modelo turístico se apoya sobre todo en la planta hotelera. Aparece de forma intermitente en los medios y de tono favorable.
La Oliva,La Oliva figura entre los puntos más tensionados del archipiélago por el turismo con perspectivas crecientes de cara a 2026. Sus ingresos turísticos son elevados y se encuentran al alza. El modelo turístico se apoya sobre todo en la planta hotelera. Cuenta con una amplia presencia en los medios y de tono favorable.
La Orotava,la presión turística en La Orotava es contenida con perspectivas crecientes de cara a 2026. Sus ingresos turísticos son elevados y se encuentran al alza. El modelo turístico se apoya sobre todo en la planta hotelera. Cuenta con una amplia presencia en los medios y de tono favorable.
La Victoria de Acentejo,la presión turística en La Victoria de Acentejo es contenida con perspectivas crecientes de cara a 2026. Sus ingresos turísticos son reducidos y se encuentran sin grandes cambios. El modelo turístico se apoya sobre todo en la planta hotelera. Aparece de forma intermitente en los medios y de carácter neutro.
Las Palmas de Gran Canaria,"Las Palmas de Gran Canaria figura entre los puntos más tensionados del archipiélago por el turismo y su proyección apunta a una leve contención en 2026. Genera ingresos turísticos elevados, al alza. El modelo turístico se apoya sobre todo en la planta hotelera. Cuenta con una amplia presencia en los medios y de tono favorable."
Los Llanos de Aridane,Los Llanos de Aridane mantiene un nivel intermedio de presión turística con una previsión de ligera moderación para 2026. Sus ingresos turísticos son intermedios y se encuentran con tendencia creciente. El modelo turístico se apoya sobre todo en la planta hotelera. Cuenta con una amplia presencia en los medios y de tono crítico.
Los Realejos,Los Realejos mantiene un nivel intermedio de presión turística con perspectivas crecientes de cara a 2026. Sus ingresos turísticos son intermedios y se encuentran sin grandes cambios. El modelo turístico se apoya sobre todo en la planta hotelera. Aparece de forma intermitente en los medios y de carácter neutro.
Los Silos,Los Silos figura entre los puntos más tensionados del archipiélago por el turismo con perspectivas crecientes de cara a 2026. Sus ingresos turísticos son reducidos y se encuentran al alza. El modelo turístico se apoya sobre todo en la planta hotelera. Cuenta con una amplia presencia en los medios y de carácter neutro.
Mogán,Mogán figura entre los puntos más tensionados del archipiélago por el turismo con una previsión de ligera moderación para 2026. Sus ingresos turísticos son elevados y se encuentran al alza. El modelo turístico se apoya sobre todo en la planta hotelera. Cuenta con una amplia presencia en los medios y de tono favorable.
Moya,Moya mantiene un nivel intermedio de presión turística con perspectivas crecientes de cara a 2026. Sus ingresos turísticos son intermedios y se encuentran sin grandes cambios. El modelo turístico se apoya sobre todo en la planta hotelera. Cuenta con una amplia presencia en los medios y de tono favorable.
Puerto de la Cruz,Puerto de la Cruz figura entre los puntos más tensionados del archipiélago por el turismo con perspectivas crecientes de cara a 2026. Sus ingresos turísticos son elevados y se encuentran al alza. El modelo turístico se apoya sobre todo en la planta hotelera. Cuenta con una amplia presencia en los medios y de tono favorable.
Puerto del Rosario,la presión turística en Puerto del Rosario es contenida con perspectivas crecientes de cara a 2026. Sus ingresos turísticos son intermedios y se encuentran con tendencia creciente. El modelo turístico se apoya sobre todo en la planta hotelera. Cuenta con una amplia presencia en los medios y de tono favorable.
Puntagorda,"Puntagorda apenas soporta presión turística con perspectivas crecientes de cara a 2026. Sus ingresos turísticos son intermedios y se encuentran en descenso, sobre una población notablemente envejecida. Predomina el alojamiento hotelero. Su presencia mediática es moderada y de tono favorable."
Puntallana,la presión turística en Puntallana es baja y su proyección apunta a más presión el próximo año. Sus ingresos turísticos son reducidos y se encuentran al alza. El modelo turístico se apoya sobre todo en la planta hotelera. Aparece de forma intermitente en los medios y de carácter neutro.
Pájara,Pájara figura entre los puntos más tensionados del archipiélago por el turismo con perspectivas crecientes de cara a 2026. Sus ingresos turísticos son elevados y se encuentran al alza. El modelo turístico se apoya sobre todo en la planta hotelera. Cuenta con una amplia presencia en los medios y de tono favorable.
San Andrés y Sauces,"San Andrés y Sauces se mantiene entre los municipios menos tensionados por el turismo y su proyección apunta a más presión el próximo año. Sus ingresos turísticos son reducidos y se encuentran al alza. El modelo turístico se apoya sobre todo en la planta hotelera. Cuenta con una amplia presencia en los medios, sobre una población notablemente envejecida. Su temporada alta llega en agosto. Registra una notable cobertura mediática y de tono favorable."
San Bartolomé,San Bartolomé mantiene un nivel intermedio de presión turística con una previsión de ligera moderación para 2026. Sus ingresos turísticos son elevados y se encuentran al alza. El modelo turístico se apoya sobre todo en la planta hotelera. Cuenta con una amplia presencia en los medios y de tono favorable.
San Bartolomé de Tirajana,San Bartolomé de Tirajana figura entre los puntos más tensionados del archipiélago por el turismo con perspectivas crecientes de cara a 2026. Sus ingresos turísticos son elevados y se encuentran al alza. El modelo turístico se apoya sobre todo en la planta hotelera. Cuenta con una amplia presencia en los medios y de tono favorable.
San Cristóbal de La Laguna,San Cristóbal de La Laguna figura entre los puntos más tensionados del archipiélago por el turismo con perspectivas crecientes de cara a 2026. Sus ingresos turísticos son elevados y se encuentran al alza. Su oferta de alojamiento es principalmente hotelera. Cuenta con una amplia presencia en los medios y de carácter neutro.
San Juan de la Rambla,San Juan de la Rambla figura entre los puntos más tensionados del archipiélago por el turismo con perspectivas crecientes de cara a 2026. Sus ingresos turísticos son reducidos y se encuentran al alza. El modelo turístico se apoya sobre todo en la planta hotelera. Aparece de forma intermitente en los medios y de carácter neutro.
San Miguel de Abona,"San Miguel de Abona figura entre los puntos más tensionados del archipiélago por el turismo y su proyección apunta a una leve contención en 2026. Genera ingresos turísticos elevados, al alza. El modelo turístico se apoya sobre todo en la planta hotelera. Cuenta con una amplia presencia en los medios y de tono favorable."
San Sebastián de La Gomera,San Sebastián de La Gomera se mantiene entre los municipios menos tensionados por el turismo con perspectivas crecientes de cara a 2026. Sus ingresos turísticos son intermedios y se encuentran sin grandes cambios. El modelo turístico se apoya sobre todo en la planta hotelera. Cuenta con una amplia presencia en los medios y de carácter neutro.
Santa Brígida,"Santa Brígida mantiene un nivel intermedio de presión turística con perspectivas crecientes de cara a 2026. Sus ingresos turísticos son intermedios y se encuentran en descenso, sobre una población notablemente envejecida. Su oferta de alojamiento es principalmente hotelera. Su presencia mediática es moderada y de tono favorable."
Santa Cruz de La Palma,Santa Cruz de La Palma presenta una presión turística baja y su proyección apunta a más presión el próximo año. Sus ingresos turísticos son intermedios y se encuentran al alza. El modelo turístico se apoya sobre todo en la planta hotelera. Cuenta con una amplia presencia en los medios y de tono favorable.
Santa Cruz de Tenerife,Santa Cruz de Tenerife figura entre los puntos más tensionados del archipiélago por el turismo con perspectivas crecientes de cara a 2026. Sus ingresos turísticos son elevados y se encuentran al alza. El modelo turístico se apoya sobre todo en la planta hotelera. Cuenta con una amplia presencia en los medios y de tono favorable.
Santa Lucía de Tirajana,Santa Lucía de Tirajana mantiene un nivel intermedio de presión turística con perspectivas crecientes de cara a 2026. Sus ingresos turísticos son intermedios y se encuentran sin grandes cambios. El modelo turístico se apoya sobre todo en la planta hotelera. Cuenta con una amplia presencia en los medios y de carácter neutro.
Santa María de Guía de Gran Canaria,Santa María de Guía de Gran Canaria presenta una presión turística baja y su proyección apunta a más presión el próximo año. Sus ingresos turísticos son reducidos y se encuentran al alza. Su oferta de alojamiento es principalmente hotelera. Cuenta con una amplia presencia en los medios y de carácter neutro.
Santa Úrsula,Santa Úrsula registra una presión turística moderada y su proyección apunta a más presión el próximo año. Sus ingresos turísticos son elevados y se encuentran en descenso. El modelo turístico se apoya sobre todo en la planta hotelera. Aparece de forma intermitente en los medios y de carácter neutro.
Santiago del Teide,Santiago del Teide figura entre los puntos más tensionados del archipiélago por el turismo con perspectivas crecientes de cara a 2026. Sus ingresos turísticos son elevados y se encuentran al alza. El modelo turístico se apoya sobre todo en la planta hotelera. Cuenta con una amplia presencia en los medios y de tono favorable.
Tacoronte,Tacoronte registra una presión turística moderada y su proyección apunta a más presión el próximo año. Sus ingresos turísticos son intermedios y se encuentran al alza. Su oferta de alojamiento es principalmente hotelera. Aparece de forma intermitente en los medios y de carácter neutro.
Tazacorte,"Su presencia mediática es moderada y de carácter neutro. Tazacorte registra una presión turística moderada con perspectivas algo más contenidas para 2026. Sus ingresos turísticos son reducidos y se encuentran con tendencia creciente. El modelo turístico se apoya sobre todo en la planta hotelera. Su temporada alta llega en noviembre. Aparece de forma equilibrada hotel y vivienda vacacional. Su serie reciente fue marcada como anómala en 2025, un dato a seguir de cerca."
Tegueste,Tegueste mantiene un nivel intermedio de presión turística con perspectivas crecientes de cara a 2026. Sus ingresos turísticos son reducidos y se encuentran al alza. Su oferta de alojamiento es principalmente hotelera. Aparece de forma intermitente en los medios y de carácter neutro.
Teguise,Teguise figura entre los puntos más tensionados del archipiélago por el turismo con perspectivas crecientes de cara a 2026. Sus ingresos turísticos son elevados y se encuentran al alza. El modelo turístico se apoya sobre todo en la planta hotelera. Cuenta con una amplia presencia en los medios y de tono favorable.
Tejeda,Tejeda registra una presión turística moderada y su proyección apunta a más presión el próximo año. Sus ingresos turísticos son intermedios y se encuentran al alza. El modelo turístico se apoya sobre todo en la planta hotelera. Aparece de forma intermitente en los medios y de carácter neutro.
Telde,Sus ingresos turísticos son elevados y se encuentran al alza. Telde figura entre los puntos más tensionados del archipiélago por el turismo con perspectivas crecientes de cara a 2026. Su oferta de alojamiento es principalmente hotelera. Cuenta con una amplia presencia en los medios y de tono favorable.
Teror,Teror mantiene un nivel intermedio de presión turística con perspectivas crecientes de cara a 2026. Sus ingresos turísticos son reducidos y se encuentran al alza. El modelo turístico se apoya sobre todo en la planta hotelera. Cuenta con una amplia presencia en los medios y de tono favorable.
Tijarafe,Tijarafe presenta una presión turística baja y su proyección apunta a más presión el próximo año. Sus ingresos turísticos son intermedios y se encuentran sin grandes cambios. El modelo turístico se apoya sobre todo en la planta hotelera. Aparece de forma intermitente en los medios y de carácter neutro.
Tinajo,Tinajo se mantiene entre los municipios menos tensionados por el turismo y su proyección apunta a más presión el próximo año. Sus ingresos turísticos son elevados y se encuentran al alza. El modelo turístico se apoya sobre todo en la planta hotelera. Cuenta con una amplia presencia en los medios y de carácter neutro.
Tuineje,Sus ingresos turísticos son elevados y se encuentran con tendencia creciente. Tuineje registra una presión turística moderada con una previsión de ligera moderación para 2026. Su oferta de alojamiento es principalmente hotelera. Cuenta con una amplia presencia en los medios y de tono favorable.
Tías,Tías figura entre los puntos más tensionados del archipiélago por el turismo con perspectivas crecientes de cara a 2026. Sus ingresos turísticos son elevados y se encuentran al alza. El modelo turístico se apoya sobre todo en la planta hotelera. Cuenta con una amplia presencia en los medios y de tono favorable.
Valle Gran Rey,Valle Gran Rey figura entre los puntos más tensionados del archipiélago por el turismo y su proyección apunta a una leve contención en 2026. Sus ingresos turísticos son intermedios y se encuentran al alza. Su oferta de alojamiento es principalmente hotelera. Cuenta con una amplia presencia en los medios y de carácter neutro.
Vallehermoso,Vallehermoso se mantiene entre los municipios menos tensionados por el turismo con una previsión de ligera moderación para 2026. Sus ingresos turísticos son reducidos y se encuentran al alza. Su oferta de alojamiento es principalmente hotelera. Cuenta con una amplia presencia en los medios y de carácter neutro.
Valleseco,Valleseco mantiene un nivel intermedio de presión turística con perspectivas crecientes de cara a 2026. Sus ingresos turísticos son reducidos y se encuentran al alza. Su oferta de alojamiento es principalmente hotelera. Cuenta con una amplia presencia en los medios y de tono favorable.
Valsequillo de Gran Canaria,Valsequillo de Gran Canaria presenta una presión turística baja y su proyección apunta a más presión el próximo año. Sus ingresos turísticos son reducidos y se encuentran sin grandes cambios. El modelo turístico se apoya sobre todo en la planta hotelera. Aparece de forma intermitente en los medios y de carácter neutro.
Valverde,Valverde presenta una presión turística baja y su proyección apunta a más presión el próximo año. Sus ingresos turísticos son intermedios y se encuentran sin grandes cambios. El modelo turístico se apoya sobre todo en la planta hotelera. Aparece de forma intermitente en los medios y de carácter neutro.
Vega de San Mateo,Vega de San Mateo registra una presión turística moderada con perspectivas crecientes de cara a 2026. Sus ingresos turísticos son intermedios y se encuentran al alza. El modelo turístico se apoya sobre todo en la planta hotelera. Cuenta con una amplia presencia en los medios y de tono favorable.
Vilaflor de Chasna,Vilaflor de Chasna figura entre los puntos más tensionados del archipiélago por el turismo con perspectivas crecientes de cara a 2026. Sus ingresos turísticos son reducidos y se encuentran al alza. El modelo turístico se apoya sobre todo en la planta hotelera. Aparece de forma intermitente en los medios y de tono favorable.
Villa de Mazo,Villa de Mazo se mantiene entre los municipios menos tensionados por el turismo y su proyección apunta a más presión el próximo año. Sus ingresos turísticos son reducidos y se encuentran sin grandes cambios. El modelo turístico se apoya sobre todo en la planta hotelera. Aparece de forma intermitente en los medios y de tono favorable.
Yaiza,Yaiza figura entre los puntos más tensionados del archipiélago por el turismo con perspectivas crecientes de cara a 2026. Sus ingresos turísticos son elevados y se encuentran al alza. El modelo turístico se apoya sobre todo en la planta hotelera. Cuenta con una amplia presencia en los medios y de tono favorable.
